{
  "op": "logistic_regression",
  "attributes": {
    "num_classes": {
      "type": "long",
      "value": 2
    },
    "coefficients": {
      "type": {
        "type": "tensor",
        "tensor": {
          "base": "double"
        }
      },
      "value": {
        "values": [-0.4465830660919496, 0.09646605263619809, 0.01954270227449501, 0.004334827871425256, -347.38017320675465],
        "dimensions": [5]
      }
    },
    "intercept": {
      "type": "double",
      "value": -1.2921253278089497
    },
    "threshold": {
      "type": "double",
      "value": 0.5
    }
  }
}